,link
0,https://www.transfermarkt.com/yudai-tanaka/profil/spieler/990741
1,https://www.transfermarkt.com/taishi-okawa/profil/spieler/862144
2,https://www.transfermarkt.com/filip-scekic/profil/spieler/489837
3,https://www.transfermarkt.com/yudai-iwama/profil/spieler/157421
4,https://www.transfermarkt.com/junki-mawatari/profil/spieler/362686
5,https://www.transfermarkt.com/taiyo-minami/profil/spieler/1106246
6,https://www.transfermarkt.com/kanta-iwami/profil/spieler/1106247
7,https://www.transfermarkt.com/yosuke-sasaki/profil/spieler/882237
8,https://www.transfermarkt.com/tatsuki-noda/profil/spieler/507854
9,https://www.transfermarkt.com/koki-kiyotake/profil/spieler/210440
10,https://www.transfermarkt.com/kibo-kan/profil/spieler/1106249
11,https://www.transfermarkt.com/ryu-tsujimoto/profil/spieler/990740
12,https://www.transfermarkt.com/yusuke-moriyama/profil/spieler/1106239
13,https://www.transfermarkt.com/yohei-nishimura/profil/spieler/430350
14,https://www.transfermarkt.com/shoki-ohara/profil/spieler/550638
15,https://www.transfermarkt.com/shota-hayashi/profil/spieler/489449
16,https://www.transfermarkt.com/yuki-kozuka/profil/spieler/864746
17,https://www.transfermarkt.com/tatsuki-terada/profil/spieler/1106240
18,https://www.transfermarkt.com/kento-yoshida/profil/spieler/1106238
19,https://www.transfermarkt.com/motoki-suenaga/profil/spieler/1106250
20,https://www.transfermarkt.com/naoya-seita/profil/spieler/732988
21,https://www.transfermarkt.com/ren-yamamoto/profil/spieler/430340
22,https://www.transfermarkt.com/jumpei-takata/profil/spieler/1103927
23,https://www.transfermarkt.com/masaya-ono/profil/spieler/515460
24,https://www.transfermarkt.com/mizuki-yamaki/profil/spieler/1127509
25,https://www.transfermarkt.com/shoma-deguchi/profil/spieler/834163
26,https://www.transfermarkt.com/toshiya-iizuka/profil/spieler/754461
27,https://www.transfermarkt.com/tasuku-aoshima/profil/spieler/778218
28,https://www.transfermarkt.com/takaya-yamada/profil/spieler/1127510
29,https://www.transfermarkt.com/hiraku-kakehi/profil/spieler/1024255
30,https://www.transfermarkt.com/hiroya-takahashi/profil/spieler/391550
31,https://www.transfermarkt.com/takuya-yamaguchi/profil/spieler/763784
32,https://www.transfermarkt.com/hiroki-yamanaka/profil/spieler/763785
33,https://www.transfermarkt.com/kojiro-hayashi/profil/spieler/890358
34,https://www.transfermarkt.com/shuto-higashino/profil/spieler/1127508
35,https://www.transfermarkt.com/shui-hirano/profil/spieler/1002529
36,https://www.transfermarkt.com/yuto-kono/profil/spieler/1127512
37,https://www.transfermarkt.com/junya-isobe/profil/spieler/763792
38,https://www.transfermarkt.com/ayumu-miyamoto/profil/spieler/778215
39,https://www.transfermarkt.com/jumpei-okamoto/profil/spieler/1002614
40,https://www.transfermarkt.com/hiromu-koretake/profil/spieler/1002509
41,https://www.transfermarkt.com/kazuki-fukunaga/profil/spieler/739368
42,https://www.transfermarkt.com/hayata-okuda/profil/spieler/1018211
43,https://www.transfermarkt.com/yasushi-katsuki/profil/spieler/1127511
44,https://www.transfermarkt.com/yoshiyuki-tadamasa/profil/spieler/680696
45,https://www.transfermarkt.com/ryo-nakadome/profil/spieler/778219
46,https://www.transfermarkt.com/shota-nunomura/profil/spieler/1002497
47,https://www.transfermarkt.com/shuto-ishino/profil/spieler/1002591
48,https://www.transfermarkt.com/ryoma-funakubo/profil/spieler/879068
49,https://www.transfermarkt.com/wataru-ishibashi/profil/spieler/763296
50,https://www.transfermarkt.com/gakuto-kunita/profil/spieler/751407
51,https://www.transfermarkt.com/toki-okuda/profil/spieler/1127513
52,https://www.transfermarkt.com/naoki-nishiyama/profil/spieler/1127507
53,https://www.transfermarkt.com/kazuma-kamimura/profil/spieler/1003096
54,https://www.transfermarkt.com/koyo-hoshina/profil/spieler/1142424
55,https://www.transfermarkt.com/ryoken-nohara/profil/spieler/1003095
56,https://www.transfermarkt.com/taishu-takeuchi/profil/spieler/1127524
57,https://www.transfermarkt.com/hideo-yamada/profil/spieler/1127529
58,https://www.transfermarkt.com/kanya-moriguchi/profil/spieler/1049131
59,https://www.transfermarkt.com/yuya-takeda/profil/spieler/850546
60,https://www.transfermarkt.com/yudai-tamaki/profil/spieler/850566
61,https://www.transfermarkt.com/taketo-hioki/profil/spieler/1003091
62,https://www.transfermarkt.com/shin-yadani/profil/spieler/879112
63,https://www.transfermarkt.com/kosuke-okawa/profil/spieler/1127526
64,https://www.transfermarkt.com/yusuke-hioki/profil/spieler/968406
65,https://www.transfermarkt.com/kento-nakata/profil/spieler/850528
66,https://www.transfermarkt.com/hiroya-asano/profil/spieler/850530
67,https://www.transfermarkt.com/yuki-inoue/profil/spieler/789140
68,https://www.transfermarkt.com/daisuke-takai/profil/spieler/457722
69,https://www.transfermarkt.com/koki-nishijo/profil/spieler/1127528
70,https://www.transfermarkt.com/sho-morinaga/profil/spieler/1127530
71,https://www.transfermarkt.com/ko-hirao/profil/spieler/879091
72,https://www.transfermarkt.com/ryo-izuhara/profil/spieler/1003094
73,https://www.transfermarkt.com/hiroshi-ura/profil/spieler/362774
74,https://www.transfermarkt.com/shogo-shimasato/profil/spieler/1127527
75,https://www.transfermarkt.com/kazuki-hiura/profil/spieler/850565
76,https://www.transfermarkt.com/naoki-fujikawa/profil/spieler/850568
77,https://www.transfermarkt.com/masaki-takeyama/profil/spieler/1127525
78,https://www.transfermarkt.com/kazuma-mitori/profil/spieler/1127531
79,https://www.transfermarkt.com/yusuke-sato/profil/spieler/1221007
80,https://www.transfermarkt.com/mitsuo-miyano/profil/spieler/1221008
81,https://www.transfermarkt.com/haruhi-nakaseko/profil/spieler/803264
82,https://www.transfermarkt.com/genta-shigemoto/profil/spieler/1221011
83,https://www.transfermarkt.com/rikuto-aburata/profil/spieler/1221013
84,https://www.transfermarkt.com/koji-hamagami/profil/spieler/501001
85,https://www.transfermarkt.com/yoshito-ishikawa/profil/spieler/1221033
86,https://www.transfermarkt.com/naoya-ito/profil/spieler/1221035
87,https://www.transfermarkt.com/rio-nishiura/profil/spieler/507369
88,https://www.transfermarkt.com/tsuyoshi-tani/profil/spieler/1221038
89,https://www.transfermarkt.com/dan-amae/profil/spieler/1221053
90,https://www.transfermarkt.com/ryoma-tanaka/profil/spieler/740712
91,https://www.transfermarkt.com/ryuto-mishima/profil/spieler/1002035
92,https://www.transfermarkt.com/mitsuki-shinohara/profil/spieler/1221009
93,https://www.transfermarkt.com/kosuke-nakagawa/profil/spieler/1221010
94,https://www.transfermarkt.com/ryotaro-harakawa/profil/spieler/1221012
95,https://www.transfermarkt.com/kazuki-tsukamoto/profil/spieler/1221032
96,https://www.transfermarkt.com/kazuki-okamoto/profil/spieler/878625
97,https://www.transfermarkt.com/keita-furushima/profil/spieler/1221034
98,https://www.transfermarkt.com/sota-susuda/profil/spieler/1221036
99,https://www.transfermarkt.com/sakiya-sakai/profil/spieler/1221037
100,https://www.transfermarkt.com/mutsuto-morino/profil/spieler/502545
101,https://www.transfermarkt.com/daisuke-ando/profil/spieler/312454
102,https://www.transfermarkt.com/akinari-tamura/profil/spieler/1127492
103,https://www.transfermarkt.com/hikaru-nagasawa/profil/spieler/803262
104,https://www.transfermarkt.com/shin-hosono/profil/spieler/1127488
105,https://www.transfermarkt.com/kosuke-nakajima/profil/spieler/1052703
106,https://www.transfermarkt.com/shuta-onishi/profil/spieler/1127493
107,https://www.transfermarkt.com/conan-nakashima/profil/spieler/1003330
108,https://www.transfermarkt.com/tetsuya-takahashi/profil/spieler/1127496
109,https://www.transfermarkt.com/yoshito-doi/profil/spieler/925260
110,https://www.transfermarkt.com/daiki-matsuna/profil/spieler/1127490
111,https://www.transfermarkt.com/hayato-nishimura/profil/spieler/1127491
112,https://www.transfermarkt.com/manato-okamura/profil/spieler/886974
113,https://www.transfermarkt.com/ten-murai/profil/spieler/1127495
114,https://www.transfermarkt.com/tomohiro-kinugawa/profil/spieler/886972
115,https://www.transfermarkt.com/sota-obuchi/profil/spieler/1019625
116,https://www.transfermarkt.com/yunosuke-kuwayama/profil/spieler/1019621
117,https://www.transfermarkt.com/hikaru-kawaoka/profil/spieler/882623
118,https://www.transfermarkt.com/haruto-tani/profil/spieler/1138503
119,https://www.transfermarkt.com/haruki-namba/profil/spieler/1052704
120,https://www.transfermarkt.com/rintaro-yoshioka/profil/spieler/879145
121,https://www.transfermarkt.com/yu-nishikawa/profil/spieler/1127489
122,https://www.transfermarkt.com/shota-kuroda/profil/spieler/803289
123,https://www.transfermarkt.com/hayato-miyatake/profil/spieler/879073
124,https://www.transfermarkt.com/naomasa-ishihara/profil/spieler/1127494
125,https://www.transfermarkt.com/kenta-shimogai/profil/spieler/937268
126,https://www.transfermarkt.com/naoya-wakao/profil/spieler/1127487
127,https://www.transfermarkt.com/kodai-kanehara/profil/spieler/879070
128,https://www.transfermarkt.com/ryoya-yamanaka/profil/spieler/1003331
129,https://www.transfermarkt.com/shusei-tomita/profil/spieler/1003329
130,https://www.transfermarkt.com/haruto-kubota/profil/spieler/1147091
131,https://www.transfermarkt.com/ryota-goshima/profil/spieler/1127497
132,https://www.transfermarkt.com/nobuaki-oyama/profil/spieler/882646
133,https://www.transfermarkt.com/toranosuke-uchikoshi/profil/spieler/879129
134,https://www.transfermarkt.com/ayato-mizoguchi/profil/spieler/1127485
135,https://www.transfermarkt.com/gento-yamamoto/profil/spieler/1127486
136,https://www.transfermarkt.com/yuta-okada/profil/spieler/968390
137,https://www.transfermarkt.com/shusei-okayama/profil/spieler/715239
138,https://www.transfermarkt.com/hayato-yoshii/profil/spieler/879173
139,https://www.transfermarkt.com/nobuhiro-yoshida/profil/spieler/1065346
140,https://www.transfermarkt.com/shoma-nakanishi/profil/spieler/1018057
141,https://www.transfermarkt.com/sho-nishihara/profil/spieler/1063017
142,https://www.transfermarkt.com/aoba-ogawa/profil/spieler/1147187
143,https://www.transfermarkt.com/jun-iwasaki/profil/spieler/959342
144,https://www.transfermarkt.com/aki-nakamura/profil/spieler/1128919
145,https://www.transfermarkt.com/takaya-fukutomi/profil/spieler/391655
146,https://www.transfermarkt.com/tomoki-sogi/profil/spieler/879209
147,https://www.transfermarkt.com/ryosuke-ikeda/profil/spieler/1002684
148,https://www.transfermarkt.com/ritsu-bando/profil/spieler/1019620
149,https://www.transfermarkt.com/takao-kobayashi/profil/spieler/850534
150,https://www.transfermarkt.com/masashi-tashimada/profil/spieler/879190
151,https://www.transfermarkt.com/hisanobu-matsumura/profil/spieler/1118911
152,https://www.transfermarkt.com/yusuke-asada/profil/spieler/780729
153,https://www.transfermarkt.com/daisuke-shinko/profil/spieler/1003115
154,https://www.transfermarkt.com/takeshi-sakuramiya/profil/spieler/1128940
155,https://www.transfermarkt.com/koki-higashi/profil/spieler/1138413
156,https://www.transfermarkt.com/nozomu-nishikado/profil/spieler/1144107
157,https://www.transfermarkt.com/sota-nogusa/profil/spieler/1175550
158,https://www.transfermarkt.com/genki-obata/profil/spieler/879157
159,https://www.transfermarkt.com/koki-fukura/profil/spieler/763285
160,https://www.transfermarkt.com/koyo-fujimoto/profil/spieler/879188
161,https://www.transfermarkt.com/soma-okabe/profil/spieler/1025686
162,https://www.transfermarkt.com/taisei-kakimoto/profil/spieler/941964
163,https://www.transfermarkt.com/reiji-kato/profil/spieler/893522
164,https://www.transfermarkt.com/masashi-maekawa/profil/spieler/1025683
165,https://www.transfermarkt.com/hiroya-yoshiuchi/profil/spieler/705631
166,https://www.transfermarkt.com/akira-tsukita/profil/spieler/1175464
167,https://www.transfermarkt.com/go-kaburaki/profil/spieler/586178
168,https://www.transfermarkt.com/yoshiaki-otsuka/profil/spieler/868340
169,https://www.transfermarkt.com/tomoki-yoshiuchi/profil/spieler/868339
170,https://www.transfermarkt.com/taishi-nishimura/profil/spieler/1121071
171,https://www.transfermarkt.com/mateus-fernando-katai/profil/spieler/1052720
172,https://www.transfermarkt.com/kanta-takahashi/profil/spieler/280740
173,https://www.transfermarkt.com/jun-tanaka/profil/spieler/143430
174,https://www.transfermarkt.com/kanta-hamaya/profil/spieler/808031
175,https://www.transfermarkt.com/rei-nakajima/profil/spieler/1121070
176,https://www.transfermarkt.com/asahi-kodate/profil/spieler/1121073
177,https://www.transfermarkt.com/genki-hoshi/profil/spieler/996339
178,https://www.transfermarkt.com/se-jun-park/profil/spieler/877855
179,https://www.transfermarkt.com/shoma-misao/profil/spieler/740709
180,https://www.transfermarkt.com/seong-cheol-kim/profil/spieler/1121069
181,https://www.transfermarkt.com/masato-yoshiuchi/profil/spieler/808030
182,https://www.transfermarkt.com/victor/profil/spieler/1121074
183,https://www.transfermarkt.com/issei-matsumoto/profil/spieler/1165521
184,https://www.transfermarkt.com/gaku-nakamura/profil/spieler/1140965
185,https://www.transfermarkt.com/kaua-raia-lima/profil/spieler/966747
186,https://www.transfermarkt.com/hikaru-yasuda/profil/spieler/808019
187,https://www.transfermarkt.com/jun-hayashi/profil/spieler/808033
188,https://www.transfermarkt.com/haruki-morishita/profil/spieler/1121072
189,https://www.transfermarkt.com/riku-ohira/profil/spieler/1178922
190,https://www.transfermarkt.com/daichi-inui/profil/spieler/215197
191,https://www.transfermarkt.com/daiki-hiraishi/profil/spieler/868321
192,https://www.transfermarkt.com/akihiro-miyazaki/profil/spieler/813631
193,https://www.transfermarkt.com/tomoki-chosa/profil/spieler/813630
194,https://www.transfermarkt.com/felipe-freitas/profil/spieler/1052721
195,https://www.transfermarkt.com/tatsuki-yanagihara/profil/spieler/996340
196,https://www.transfermarkt.com/koji-takizawa/profil/spieler/683548
197,https://www.transfermarkt.com/yudai-saito/profil/spieler/736180
198,https://www.transfermarkt.com/kazuma-takehana/profil/spieler/851074
199,https://www.transfermarkt.com/ryota-tomita/profil/spieler/790044
200,https://www.transfermarkt.com/komei-hirota/profil/spieler/860370
201,https://www.transfermarkt.com/hayanobu-awano/profil/spieler/868854
202,https://www.transfermarkt.com/mitsuki-tajima/profil/spieler/868821
203,https://www.transfermarkt.com/reku-ota/profil/spieler/868819
204,https://www.transfermarkt.com/yuto-seki/profil/spieler/868850
205,https://www.transfermarkt.com/sota-okano/profil/spieler/1121031
206,https://www.transfermarkt.com/kotaro-fujimoto/profil/spieler/1121033
207,https://www.transfermarkt.com/soshi-kouda/profil/spieler/905500
208,https://www.transfermarkt.com/yuki-seimiya/profil/spieler/868812
209,https://www.transfermarkt.com/yuta-saito/profil/spieler/1001565
210,https://www.transfermarkt.com/taishi-nemoto/profil/spieler/868814
211,https://www.transfermarkt.com/momoki-tanaka/profil/spieler/1001567
212,https://www.transfermarkt.com/kaisei-ogame/profil/spieler/1001539
213,https://www.transfermarkt.com/ryoya-sakai/profil/spieler/1121029
214,https://www.transfermarkt.com/yuma-moriyama/profil/spieler/899094
215,https://www.transfermarkt.com/rinshu-oji/profil/spieler/1001571
216,https://www.transfermarkt.com/ichita-hanya/profil/spieler/1001562
217,https://www.transfermarkt.com/temma-morita/profil/spieler/1121035
218,https://www.transfermarkt.com/taiki-kusano/profil/spieler/1001563
219,https://www.transfermarkt.com/hayate-toriumi/profil/spieler/949228
220,https://www.transfermarkt.com/yuya-fujita/profil/spieler/880129
221,https://www.transfermarkt.com/yudai-suzuki/profil/spieler/1015702
222,https://www.transfermarkt.com/kohei-hosono/profil/spieler/889302
223,https://www.transfermarkt.com/kosei-ogawa/profil/spieler/1121030
224,https://www.transfermarkt.com/chizen-inoue/profil/spieler/1001561
225,https://www.transfermarkt.com/naito-watanabe/profil/spieler/868855
226,https://www.transfermarkt.com/sotaro-tsuruta/profil/spieler/868792
227,https://www.transfermarkt.com/fuga-suzuki/profil/spieler/1001538
228,https://www.transfermarkt.com/kaito-tamaki/profil/spieler/996430
229,https://www.transfermarkt.com/mikiya-fukada/profil/spieler/1042028
230,https://www.transfermarkt.com/hikaru-sakamoto/profil/spieler/1002147
231,https://www.transfermarkt.com/masayuki-niijima/profil/spieler/1121032
232,https://www.transfermarkt.com/riku-tamura/profil/spieler/868815
233,https://www.transfermarkt.com/hayato-mori/profil/spieler/996390
234,https://www.transfermarkt.com/sami-yamaguchi/profil/spieler/1001560
235,https://www.transfermarkt.com/nozomi-ozawa/profil/spieler/868813
236,https://www.transfermarkt.com/soma-furuya/profil/spieler/701044
237,https://www.transfermarkt.com/hayato-chiba/profil/spieler/910318
238,https://www.transfermarkt.com/kaita-uchizawa/profil/spieler/1121028
239,https://www.transfermarkt.com/min-yong-kim/profil/spieler/1042069
240,https://www.transfermarkt.com/genki-hirano/profil/spieler/880128
241,https://www.transfermarkt.com/tsukito-hosen/profil/spieler/996383
242,https://www.transfermarkt.com/kota-kanazawa/profil/spieler/1001568
243,https://www.transfermarkt.com/kyota-kobayashi/profil/spieler/1028000
244,https://www.transfermarkt.com/riku-nonaka/profil/spieler/868816
245,https://www.transfermarkt.com/shota-yamaga/profil/spieler/996385
246,https://www.transfermarkt.com/kei-mori/profil/spieler/1042030
247,https://www.transfermarkt.com/shin-takehara/profil/spieler/1024210
248,https://www.transfermarkt.com/yunari-ishikawa/profil/spieler/1001564
249,https://www.transfermarkt.com/shintoku-kuniyoshi/profil/spieler/882644
250,https://www.transfermarkt.com/kazuki-sudo/profil/spieler/887285
251,https://www.transfermarkt.com/kaito-yajima/profil/spieler/763637
252,https://www.transfermarkt.com/hiro-matsui/profil/spieler/1119294
253,https://www.transfermarkt.com/hayato-nagano/profil/spieler/868552
254,https://www.transfermarkt.com/ryohei-sekine/profil/spieler/754915
255,https://www.transfermarkt.com/daichi-nakatani/profil/spieler/1119296
256,https://www.transfermarkt.com/reo-taniuchida/profil/spieler/868422
257,https://www.transfermarkt.com/yuma-ikuno/profil/spieler/1119289
258,https://www.transfermarkt.com/tomoya-suzuki/profil/spieler/571691
259,https://www.transfermarkt.com/arata-igarashi/profil/spieler/569173
260,https://www.transfermarkt.com/takuya-fukuchi/profil/spieler/754296
261,https://www.transfermarkt.com/yuki-torishima/profil/spieler/763638
262,https://www.transfermarkt.com/yusuke-jo/profil/spieler/754304
263,https://www.transfermarkt.com/shun-iwasaki/profil/spieler/996399
264,https://www.transfermarkt.com/kota-ishii/profil/spieler/763642
265,https://www.transfermarkt.com/yuta-shirai/profil/spieler/763645
266,https://www.transfermarkt.com/koki-mukawa/profil/spieler/1119291
267,https://www.transfermarkt.com/sakuya-kawaguchi/profil/spieler/996400
268,https://www.transfermarkt.com/shun-koyama/profil/spieler/763639
269,https://www.transfermarkt.com/shingo-sawatari/profil/spieler/763644
270,https://www.transfermarkt.com/shota-sekiguchi/profil/spieler/996393
271,https://www.transfermarkt.com/motoharu-nozu/profil/spieler/754291
272,https://www.transfermarkt.com/toru-suwabe/profil/spieler/754292
273,https://www.transfermarkt.com/naoya-hashimoto/profil/spieler/754293
274,https://www.transfermarkt.com/soichiro-imai/profil/spieler/996396
275,https://www.transfermarkt.com/kazuma-inomata/profil/spieler/996395
276,https://www.transfermarkt.com/masaki-yuki/profil/spieler/1119292
277,https://www.transfermarkt.com/nobuyuki-higashi/profil/spieler/763641
278,https://www.transfermarkt.com/mao-kobayashi/profil/spieler/464743
279,https://www.transfermarkt.com/shusaku-ogiwara/profil/spieler/754294
280,https://www.transfermarkt.com/atsushi-omori/profil/spieler/754300
281,https://www.transfermarkt.com/yuki-hayashi/profil/spieler/868544
282,https://www.transfermarkt.com/kohei-tomatsuri/profil/spieler/754914
283,https://www.transfermarkt.com/towa-nomura/profil/spieler/996397
284,https://www.transfermarkt.com/akira-sato/profil/spieler/868776
285,https://www.transfermarkt.com/kakeru-saito/profil/spieler/996394
286,https://www.transfermarkt.com/kai-hatakeyama/profil/spieler/1119290
287,https://www.transfermarkt.com/sho-hamadate/profil/spieler/880145
288,https://www.transfermarkt.com/shoma-miwa/profil/spieler/996398
289,https://www.transfermarkt.com/koyu-sakamoto/profil/spieler/948919
290,https://www.transfermarkt.com/hideki-nawa/profil/spieler/1119288
291,https://www.transfermarkt.com/satoshi-takahata/profil/spieler/1123814
292,https://www.transfermarkt.com/ryu-kobayashi/profil/spieler/1055448
293,https://www.transfermarkt.com/kenya-higashi/profil/spieler/998134
294,https://www.transfermarkt.com/shodai-sato/profil/spieler/1001233
295,https://www.transfermarkt.com/yuto-kamba/profil/spieler/413303
296,https://www.transfermarkt.com/yuichi-torige/profil/spieler/784225
297,https://www.transfermarkt.com/hiromu-kamoshida/profil/spieler/1123828
298,https://www.transfermarkt.com/yudai-yoshise/profil/spieler/1123827
299,https://www.transfermarkt.com/teruchika-watanabe/profil/spieler/1039353
300,https://www.transfermarkt.com/yasushi-honda/profil/spieler/850748
301,https://www.transfermarkt.com/yuki-saito/profil/spieler/755041
302,https://www.transfermarkt.com/ryoga-ishikawa/profil/spieler/1123821
303,https://www.transfermarkt.com/keiya-kaneko/profil/spieler/996332
304,https://www.transfermarkt.com/shota-minami/profil/spieler/456857
305,https://www.transfermarkt.com/riku-konishi/profil/spieler/996330
306,https://www.transfermarkt.com/ryutaro-nonomura/profil/spieler/850764
307,https://www.transfermarkt.com/ren-wakui/profil/spieler/1123825
308,https://www.transfermarkt.com/hiroki-okoshi/profil/spieler/1001208
309,https://www.transfermarkt.com/keita-shibazaki/profil/spieler/752770
310,https://www.transfermarkt.com/naoyuki-saito/profil/spieler/755040
311,https://www.transfermarkt.com/koki-takada/profil/spieler/806229
312,https://www.transfermarkt.com/kazuki-yamashita/profil/spieler/850760
313,https://www.transfermarkt.com/shotaro-honda/profil/spieler/1123826
314,https://www.transfermarkt.com/hiyu-yamanobe/profil/spieler/1001209
315,https://www.transfermarkt.com/sora-okuyama/profil/spieler/1123830
316,https://www.transfermarkt.com/ryosuke-koshihata/profil/spieler/1001207
317,https://www.transfermarkt.com/junnosuke-sakamura/profil/spieler/996331
318,https://www.transfermarkt.com/shotaro-kose/profil/spieler/1123823
319,https://www.transfermarkt.com/shintaro-iio/profil/spieler/755029
320,https://www.transfermarkt.com/keita-kumagai/profil/spieler/755027
321,https://www.transfermarkt.com/yusei-sato/profil/spieler/868338
322,https://www.transfermarkt.com/satoshi-tokuno/profil/spieler/850745
323,https://www.transfermarkt.com/daisuke-ishikawa/profil/spieler/755039
324,https://www.transfermarkt.com/kazuki-wakata/profil/spieler/755043
325,https://www.transfermarkt.com/shuto-kimishima/profil/spieler/1123822
326,https://www.transfermarkt.com/shogo-owada/profil/spieler/850759
327,https://www.transfermarkt.com/gaku-nishimura/profil/spieler/908409
328,https://www.transfermarkt.com/takuma-kaneko/profil/spieler/1123829
329,https://www.transfermarkt.com/shunsuke-noda/profil/spieler/1178921
330,https://www.transfermarkt.com/haruya-sakakii/profil/spieler/1123824
331,https://www.transfermarkt.com/ryuichi-shimizu/profil/spieler/567885
332,https://www.transfermarkt.com/kotaro-kuwahara/profil/spieler/868334
333,https://www.transfermarkt.com/yu-hosogai/profil/spieler/755018
334,https://www.transfermarkt.com/takuya-hashimoto/profil/spieler/755021
335,https://www.transfermarkt.com/takashi-ujiie/profil/spieler/567323
336,https://www.transfermarkt.com/shinji-yamaguchi/profil/spieler/755031
337,https://www.transfermarkt.com/ryo-hasegawa/profil/spieler/550582
338,https://www.transfermarkt.com/shunsuke-ota/profil/spieler/489418
339,https://www.transfermarkt.com/yoshihiko-ono/profil/spieler/850663
340,https://www.transfermarkt.com/kaito-aizawa/profil/spieler/895373
341,https://www.transfermarkt.com/sota-dogama/profil/spieler/996360
342,https://www.transfermarkt.com/seiya-katakura/profil/spieler/843382
343,https://www.transfermarkt.com/hiromu-mori/profil/spieler/1120066
344,https://www.transfermarkt.com/ryuki-yamamoto/profil/spieler/1120067
345,https://www.transfermarkt.com/hayata-suzuki/profil/spieler/1120068
346,https://www.transfermarkt.com/shuya-iwai/profil/spieler/563118
347,https://www.transfermarkt.com/daisuke-hirashima/profil/spieler/984503
348,https://www.transfermarkt.com/tsubasa-chiba/profil/spieler/1039350
349,https://www.transfermarkt.com/kenta-yokoi/profil/spieler/850676
350,https://www.transfermarkt.com/ryusei-okubo/profil/spieler/996364
351,https://www.transfermarkt.com/kimitaka-kobane/profil/spieler/868430
352,https://www.transfermarkt.com/kota-imazeki/profil/spieler/1120069
353,https://www.transfermarkt.com/shunsuke-fukuda/profil/spieler/108903
354,https://www.transfermarkt.com/yuko-takase/profil/spieler/281188
355,https://www.transfermarkt.com/kosho-suzaki/profil/spieler/996365
356,https://www.transfermarkt.com/yuki-motegi/profil/spieler/996363
357,https://www.transfermarkt.com/kaito-ikeda/profil/spieler/1055447
358,https://www.transfermarkt.com/hidemasa-kobayashi/profil/spieler/250773
359,https://www.transfermarkt.com/yutaro-yokoyama/profil/spieler/755530
360,https://www.transfermarkt.com/yusuke-matsumoto/profil/spieler/767141
361,https://www.transfermarkt.com/rikuto-yoshida/profil/spieler/1119311
362,https://www.transfermarkt.com/shota-kono/profil/spieler/1088467
363,https://www.transfermarkt.com/ryuji-yamada/profil/spieler/1088473
364,https://www.transfermarkt.com/shunsuke-hosoyama/profil/spieler/1150761
365,https://www.transfermarkt.com/ryuji-iwai/profil/spieler/405387
366,https://www.transfermarkt.com/rikuto-chiba/profil/spieler/1088468
367,https://www.transfermarkt.com/mizuki-miyagawa/profil/spieler/1119316
368,https://www.transfermarkt.com/yuta-inagaki/profil/spieler/320429
369,https://www.transfermarkt.com/yuki-matsunaga/profil/spieler/683777
370,https://www.transfermarkt.com/kanta-shigematsu/profil/spieler/681965
371,https://www.transfermarkt.com/toi-inuzuka/profil/spieler/1088459
372,https://www.transfermarkt.com/takuma-muto/profil/spieler/1119315
373,https://www.transfermarkt.com/joao-shiiba/profil/spieler/1088462
374,https://www.transfermarkt.com/masahiro-tajima/profil/spieler/1088463
375,https://www.transfermarkt.com/yuto-sugawa/profil/spieler/1088465
376,https://www.transfermarkt.com/hideki-muto/profil/spieler/1088471
377,https://www.transfermarkt.com/yu-satake/profil/spieler/1088460
378,https://www.transfermarkt.com/arashi-inaba/profil/spieler/1119313
379,https://www.transfermarkt.com/kotaro-mitani/profil/spieler/868072
380,https://www.transfermarkt.com/renta-tashiro/profil/spieler/1088469
381,https://www.transfermarkt.com/tsubasa-sudo/profil/spieler/1088456
382,https://www.transfermarkt.com/naoto-hiraishi/profil/spieler/362693
383,https://www.transfermarkt.com/jumpei-hayashi/profil/spieler/505471
384,https://www.transfermarkt.com/kohei-watabe/profil/spieler/1088470
385,https://www.transfermarkt.com/shuto-sasajima/profil/spieler/1088472
386,https://www.transfermarkt.com/yuito-koyama/profil/spieler/1119314
387,https://www.transfermarkt.com/hyuma-nogami/profil/spieler/1119312
388,https://www.transfermarkt.com/ryuta-uno/profil/spieler/985085
389,https://www.transfermarkt.com/joshua-abe/profil/spieler/820861
390,https://www.transfermarkt.com/shota-kikuchi/profil/spieler/705662
391,https://www.transfermarkt.com/jorge-gustavo-ortega/profil/spieler/820873
392,https://www.transfermarkt.com/ashu-isomura/profil/spieler/1107348
393,https://www.transfermarkt.com/keisuke-nonaka/profil/spieler/820849
394,https://www.transfermarkt.com/noboru-murai/profil/spieler/868608
395,https://www.transfermarkt.com/shinya-egawa/profil/spieler/834412
396,https://www.transfermarkt.com/tomoki-kitano/profil/spieler/675974
397,https://www.transfermarkt.com/yusuke-akahoshi/profil/spieler/640261
398,https://www.transfermarkt.com/yuhi-yoshida/profil/spieler/850650
399,https://www.transfermarkt.com/kaisei-nakabayashi/profil/spieler/795186
400,https://www.transfermarkt.com/taiki-sakaiya/profil/spieler/1107349
401,https://www.transfermarkt.com/leonardo-ortega/profil/spieler/362717
402,https://www.transfermarkt.com/rodrigo-cabeca/profil/spieler/258381
403,https://www.transfermarkt.com/tatsuki-yano/profil/spieler/820842
404,https://www.transfermarkt.com/akira-mitano/profil/spieler/985086
405,https://www.transfermarkt.com/keito-sode/profil/spieler/1107345
406,https://www.transfermarkt.com/yushin-ota/profil/spieler/941587
407,https://www.transfermarkt.com/shoei-kumagai/profil/spieler/1128097
408,https://www.transfermarkt.com/takumi-takahashi/profil/spieler/737162
409,https://www.transfermarkt.com/yuta-iwama/profil/spieler/985095
410,https://www.transfermarkt.com/yuya-kaneko/profil/spieler/985087
411,https://www.transfermarkt.com/ren-akimori/profil/spieler/778687
412,https://www.transfermarkt.com/masakazu-hara/profil/spieler/820874
413,https://www.transfermarkt.com/shota-furuichi/profil/spieler/795188
414,https://www.transfermarkt.com/ko-ikeda/profil/spieler/658943
415,https://www.transfermarkt.com/jun-fujii/profil/spieler/706008
416,https://www.transfermarkt.com/daichi-ito/profil/spieler/820835
417,https://www.transfermarkt.com/yuisho-naramoto/profil/spieler/932357
418,https://www.transfermarkt.com/taro-fofana/profil/spieler/990566
419,https://www.transfermarkt.com/akihiro-gomi/profil/spieler/1107352
420,https://www.transfermarkt.com/keita-yamauchi/profil/spieler/558991
421,https://www.transfermarkt.com/rei-yamada/profil/spieler/472649
422,https://www.transfermarkt.com/pablo-sebastian-ortega/profil/spieler/820846
423,https://www.transfermarkt.com/kiyo-komiyama/profil/spieler/820850
424,https://www.transfermarkt.com/kaiki-inoue/profil/spieler/834396
425,https://www.transfermarkt.com/hiroshi-meguri/profil/spieler/851018
426,https://www.transfermarkt.com/keisuke-nakazawa/profil/spieler/1002715
427,https://www.transfermarkt.com/ryo-koide/profil/spieler/851019
428,https://www.transfermarkt.com/shusaku-horazawa/profil/spieler/851024
429,https://www.transfermarkt.com/shota-imai/profil/spieler/157231
430,https://www.transfermarkt.com/tomoyuki-furuta/profil/spieler/851103
431,https://www.transfermarkt.com/keisuke-tojo/profil/spieler/851023
432,https://www.transfermarkt.com/daiki-sueyoshi/profil/spieler/887709
433,https://www.transfermarkt.com/hiroyuki-takasaki/profil/spieler/79368
434,https://www.transfermarkt.com/rikuto-masuzawa/profil/spieler/1002712
435,https://www.transfermarkt.com/rakuto-maruyama/profil/spieler/767146
436,https://www.transfermarkt.com/hayato-misaki/profil/spieler/915869
437,https://www.transfermarkt.com/yuma-tanaka/profil/spieler/851020
438,https://www.transfermarkt.com/yosuke-mochizuki/profil/spieler/851022
439,https://www.transfermarkt.com/takuya-uehara/profil/spieler/850998
440,https://www.transfermarkt.com/takumi-mozumi/profil/spieler/850965
441,https://www.transfermarkt.com/ryuya-hirose/profil/spieler/887700
442,https://www.transfermarkt.com/yosuke-sanda/profil/spieler/850987
443,https://www.transfermarkt.com/takuto-katsuzawa/profil/spieler/851101
444,https://www.transfermarkt.com/yuki-masuzawa/profil/spieler/851102
445,https://www.transfermarkt.com/yuya-hirabayashi/profil/spieler/850984
446,https://www.transfermarkt.com/ryusei-koga/profil/spieler/1128742
447,https://www.transfermarkt.com/yuma-yanagibashi/profil/spieler/1128751
448,https://www.transfermarkt.com/kyohei-saito/profil/spieler/850913
449,https://www.transfermarkt.com/shunto-imaizumi/profil/spieler/1002732
450,https://www.transfermarkt.com/ren-kameyama/profil/spieler/874410
451,https://www.transfermarkt.com/daiki-kiuchi/profil/spieler/1002738
452,https://www.transfermarkt.com/tsubasa-kubota/profil/spieler/1128743
453,https://www.transfermarkt.com/kaito-arima/profil/spieler/874395
454,https://www.transfermarkt.com/tsubasa-hirakata/profil/spieler/1128745
455,https://www.transfermarkt.com/akito-kobayashi/profil/spieler/1128747
456,https://www.transfermarkt.com/tatsuki-sasaki/profil/spieler/1002746
457,https://www.transfermarkt.com/sena-akiyama/profil/spieler/1002733
458,https://www.transfermarkt.com/shusei-ishiguro/profil/spieler/1128755
459,https://www.transfermarkt.com/takuto-orii/profil/spieler/915874
460,https://www.transfermarkt.com/taisei-kasahara/profil/spieler/1002747
461,https://www.transfermarkt.com/yudai-komami/profil/spieler/1128749
462,https://www.transfermarkt.com/jundai-ichinose/profil/spieler/1128757
463,https://www.transfermarkt.com/riku-yamaoka/profil/spieler/914589
464,https://www.transfermarkt.com/yamato-kimura/profil/spieler/874405
465,https://www.transfermarkt.com/kanta-kawazoe/profil/spieler/1002737
466,https://www.transfermarkt.com/takuto-terasawa/profil/spieler/1128744
467,https://www.transfermarkt.com/keito-takagi/profil/spieler/1128748
468,https://www.transfermarkt.com/naoya-wakabayashi/profil/spieler/1128752
469,https://www.transfermarkt.com/kota-naoi/profil/spieler/1002740
470,https://www.transfermarkt.com/tsubasa-akazawa/profil/spieler/850924
471,https://www.transfermarkt.com/sirachai-satakussah/profil/spieler/1128746
472,https://www.transfermarkt.com/reo-kaneko/profil/spieler/1002739
473,https://www.transfermarkt.com/yasutomo-shimizu/profil/spieler/1128753
474,https://www.transfermarkt.com/yu-yamazaki/profil/spieler/1128754
475,https://www.transfermarkt.com/ota-sasaki/profil/spieler/1128756
476,https://www.transfermarkt.com/taiki-ogihara/profil/spieler/1002741
477,https://www.transfermarkt.com/shunya-maruyama/profil/spieler/874419
478,https://www.transfermarkt.com/takatora-aoki/profil/spieler/1147262
479,https://www.transfermarkt.com/yosuke-tomita/profil/spieler/899554
480,https://www.transfermarkt.com/kei-takizawa/profil/spieler/1127800
481,https://www.transfermarkt.com/kazuki-okamura/profil/spieler/851034
482,https://www.transfermarkt.com/yuki-terazawa/profil/spieler/851041
483,https://www.transfermarkt.com/shinya-kondo/profil/spieler/315668
484,https://www.transfermarkt.com/yuto-sawada/profil/spieler/1002773
485,https://www.transfermarkt.com/daiki-takei/profil/spieler/851037
486,https://www.transfermarkt.com/kazuya-ikuta/profil/spieler/1015735
487,https://www.transfermarkt.com/koji-matsumoto/profil/spieler/851053
488,https://www.transfermarkt.com/takeru-arai/profil/spieler/1139586
489,https://www.transfermarkt.com/chisato-takahashi/profil/spieler/1127795
490,https://www.transfermarkt.com/taiki-takizawa/profil/spieler/1134761
491,https://www.transfermarkt.com/shinya-sato/profil/spieler/851057
492,https://www.transfermarkt.com/manato-takamizawa/profil/spieler/870591
493,https://www.transfermarkt.com/itsuki-endo/profil/spieler/1144388
494,https://www.transfermarkt.com/daiki-okamura/profil/spieler/1002772
495,https://www.transfermarkt.com/yuto-watanabe/profil/spieler/1002776
496,https://www.transfermarkt.com/takahiro-suzuki/profil/spieler/705642
497,https://www.transfermarkt.com/yua-kiyono/profil/spieler/1147261
498,https://www.transfermarkt.com/tatsuya-oda/profil/spieler/851031
499,https://www.transfermarkt.com/kazuya-saito/profil/spieler/705639
500,https://www.transfermarkt.com/ibuki-nakajo/profil/spieler/1127796
501,https://www.transfermarkt.com/yuta-kuroda/profil/spieler/851055
502,https://www.transfermarkt.com/ko-yamazaki/profil/spieler/861606
503,https://www.transfermarkt.com/renjiro-kida/profil/spieler/1002775
504,https://www.transfermarkt.com/ryosuke-tajima/profil/spieler/1127797
505,https://www.transfermarkt.com/seiya-takahashi/profil/spieler/1127798
506,https://www.transfermarkt.com/masayoshi-sasaki/profil/spieler/1127799
507,https://www.transfermarkt.com/dai-abe/profil/spieler/910079
508,https://www.transfermarkt.com/riku-sasagawa/profil/spieler/1002572
509,https://www.transfermarkt.com/daichi-tomita/profil/spieler/1002562
510,https://www.transfermarkt.com/hayato-hijikata/profil/spieler/1196249
511,https://www.transfermarkt.com/keijiro-inoue/profil/spieler/1196253
512,https://www.transfermarkt.com/eisuke-murakami/profil/spieler/915617
513,https://www.transfermarkt.com/takuto-mukogawa/profil/spieler/800694
514,https://www.transfermarkt.com/kodai-watanabe/profil/spieler/1002569
515,https://www.transfermarkt.com/haku-okuma/profil/spieler/1196248
516,https://www.transfermarkt.com/jo-nakagawa/profil/spieler/1196252
517,https://www.transfermarkt.com/kota-takahashi/profil/spieler/1196256
518,https://www.transfermarkt.com/ryuto-kiriyama/profil/spieler/671144
519,https://www.transfermarkt.com/takeru-sato/profil/spieler/1196246
520,https://www.transfermarkt.com/kenta-kawai/profil/spieler/1196251
521,https://www.transfermarkt.com/keishin-sato/profil/spieler/1196257
522,https://www.transfermarkt.com/yuto-matsui/profil/spieler/1196247
523,https://www.transfermarkt.com/ryoga-endo/profil/spieler/1002555
524,https://www.transfermarkt.com/shuto-fujiwara/profil/spieler/1002560
525,https://www.transfermarkt.com/yuta-honda/profil/spieler/1002564
526,https://www.transfermarkt.com/ittetsu-kawata/profil/spieler/1196255
527,https://www.transfermarkt.com/kai-takahashi/profil/spieler/910266
528,https://www.transfermarkt.com/reo-chiba/profil/spieler/795164
529,https://www.transfermarkt.com/hikaru-itsuka/profil/spieler/1002563
530,https://www.transfermarkt.com/ginga-shiga/profil/spieler/1196250
531,https://www.transfermarkt.com/takumi-hiruta/profil/spieler/1196254
532,https://www.transfermarkt.com/haruma-tashiro/profil/spieler/1196259
533,https://www.transfermarkt.com/rui-sagawa/profil/spieler/1002573
534,https://www.transfermarkt.com/kaito-horie/profil/spieler/1002570
535,https://www.transfermarkt.com/anri-takahashi/profil/spieler/925385
536,https://www.transfermarkt.com/daiki-matsumura/profil/spieler/1196258
537,https://www.transfermarkt.com/kosei-hiramatsu/profil/spieler/882946
538,https://www.transfermarkt.com/yuto-kawabe/profil/spieler/1127417
539,https://www.transfermarkt.com/johnny-ryuto-motoyoshi/profil/spieler/1140501
540,https://www.transfermarkt.com/kengo-takayama/profil/spieler/1172181
541,https://www.transfermarkt.com/koki-nagamitsu/profil/spieler/910125
542,https://www.transfermarkt.com/ikkei-masuda/profil/spieler/1084408
543,https://www.transfermarkt.com/kodai-yasui/profil/spieler/1160977
544,https://www.transfermarkt.com/riku-kakita/profil/spieler/850883
545,https://www.transfermarkt.com/yudai-ishikawa/profil/spieler/882944
546,https://www.transfermarkt.com/shotaro-fukumori/profil/spieler/1127415
547,https://www.transfermarkt.com/hiroto-mita/profil/spieler/850882
548,https://www.transfermarkt.com/tatsuya-imasaki/profil/spieler/1002767
549,https://www.transfermarkt.com/kotaro-hongo/profil/spieler/1144380
550,https://www.transfermarkt.com/tomohiro-kamori/profil/spieler/1134399
551,https://www.transfermarkt.com/hokuto-hayama/profil/spieler/893969
552,https://www.transfermarkt.com/kira-honjo/profil/spieler/1002749
553,https://www.transfermarkt.com/kai-takizawa/profil/spieler/1144381
554,https://www.transfermarkt.com/kenta-shigeta/profil/spieler/1002762
555,https://www.transfermarkt.com/akira-soma/profil/spieler/767192
556,https://www.transfermarkt.com/ryuki-tsuchihashi/profil/spieler/1127414
557,https://www.transfermarkt.com/thae-hoon-kim/profil/spieler/1035809
558,https://www.transfermarkt.com/shunsuke-omura/profil/spieler/1002768
559,https://www.transfermarkt.com/asahi-sato/profil/spieler/1127419
560,https://www.transfermarkt.com/junma-yamanoshita/profil/spieler/1144382
561,https://www.transfermarkt.com/shin-sugiyama/profil/spieler/905884
562,https://www.transfermarkt.com/raiki-takagi/profil/spieler/850866
563,https://www.transfermarkt.com/namito-nishida/profil/spieler/1127416
564,https://www.transfermarkt.com/kaichi-kito/profil/spieler/1002750
565,https://www.transfermarkt.com/himari-morii/profil/spieler/1127418
566,https://www.transfermarkt.com/yuta-mitsui/profil/spieler/850845
567,https://www.transfermarkt.com/kaneteru-mabuchi/profil/spieler/1002764
568,https://www.transfermarkt.com/shota-shimizu/profil/spieler/1015717
569,https://www.transfermarkt.com/shuto-miyagawa/profil/spieler/1035810
570,https://www.transfermarkt.com/yamato-fujishiro/profil/spieler/1134400
571,https://www.transfermarkt.com/ryuhei-kameyama/profil/spieler/1015730
572,https://www.transfermarkt.com/teru-okada/profil/spieler/1002723
573,https://www.transfermarkt.com/hikaru-yamada/profil/spieler/1002728
574,https://www.transfermarkt.com/raiha-aoyama/profil/spieler/1015733
575,https://www.transfermarkt.com/kiyan-sekine/profil/spieler/902620
576,https://www.transfermarkt.com/yosuke-yamada/profil/spieler/902624
577,https://www.transfermarkt.com/shumpei-harada/profil/spieler/1002724
578,https://www.transfermarkt.com/yuki-iwai/profil/spieler/1128760
579,https://www.transfermarkt.com/kenta-uejima/profil/spieler/1015728
580,https://www.transfermarkt.com/masato-sonobe/profil/spieler/1015732
581,https://www.transfermarkt.com/yuki-yamakawa/profil/spieler/1128762
582,https://www.transfermarkt.com/shunta-nakae/profil/spieler/1134768
583,https://www.transfermarkt.com/sota-furuya/profil/spieler/1134770
584,https://www.transfermarkt.com/taiki-imazawa/profil/spieler/1128759
585,https://www.transfermarkt.com/shoma-date/profil/spieler/887475
586,https://www.transfermarkt.com/yoshiki-yoshida/profil/spieler/887699
587,https://www.transfermarkt.com/michiya-endo/profil/spieler/1002727
588,https://www.transfermarkt.com/chikara-sakai/profil/spieler/1147265
589,https://www.transfermarkt.com/shuma-muneyama/profil/spieler/1015792
590,https://www.transfermarkt.com/zen-yamada/profil/spieler/887698
591,https://www.transfermarkt.com/shu-suzuki/profil/spieler/887697
592,https://www.transfermarkt.com/hiroto-ono/profil/spieler/887731
593,https://www.transfermarkt.com/ryoma-tsunefuji/profil/spieler/1015734
594,https://www.transfermarkt.com/daiki-inamine/profil/spieler/1128761
595,https://www.transfermarkt.com/ryusei-masano/profil/spieler/1134767
596,https://www.transfermarkt.com/koo-kawahara/profil/spieler/1128763
597,https://www.transfermarkt.com/ren-teranishi/profil/spieler/1134769
598,https://www.transfermarkt.com/tomokiyo-kondo/profil/spieler/1002542
599,https://www.transfermarkt.com/kota-tochikubo/profil/spieler/1015729
600,https://www.transfermarkt.com/taiga-hosogaya/profil/spieler/1004537
601,https://www.transfermarkt.com/haruto-ozora/profil/spieler/1137185
602,https://www.transfermarkt.com/ryuku-todoroki/profil/spieler/1131204
603,https://www.transfermarkt.com/taiyo-tsutsumi/profil/spieler/1131205
604,https://www.transfermarkt.com/ginto-okado/profil/spieler/888146
605,https://www.transfermarkt.com/hayato-kazamura/profil/spieler/1131202
606,https://www.transfermarkt.com/yu-nomoto/profil/spieler/1030257
607,https://www.transfermarkt.com/kodai-miyanouki/profil/spieler/1131207
608,https://www.transfermarkt.com/kira-hidaka/profil/spieler/1131208
609,https://www.transfermarkt.com/toma-ikeda/profil/spieler/1131209
610,https://www.transfermarkt.com/kosuke-arai/profil/spieler/1131211
611,https://www.transfermarkt.com/masanobu-shibota/profil/spieler/882983
612,https://www.transfermarkt.com/yuki-narita/profil/spieler/1005706
613,https://www.transfermarkt.com/takato-suzuoki/profil/spieler/1143059
614,https://www.transfermarkt.com/yuta-shimano/profil/spieler/1004544
615,https://www.transfermarkt.com/kyoya-naito/profil/spieler/1004542
616,https://www.transfermarkt.com/kazuma-kodane/profil/spieler/1131203
617,https://www.transfermarkt.com/mito-shoki/profil/spieler/1137186
618,https://www.transfermarkt.com/naoto-torii/profil/spieler/1005713
619,https://www.transfermarkt.com/natsuki-okubo/profil/spieler/812898
620,https://www.transfermarkt.com/ritsu-hosoi/profil/spieler/1131206
621,https://www.transfermarkt.com/ryo-kase/profil/spieler/1004546
622,https://www.transfermarkt.com/kira-yamada/profil/spieler/883019
623,https://www.transfermarkt.com/yuto-matsuda/profil/spieler/883032
624,https://www.transfermarkt.com/arata-kumagai/profil/spieler/1131210
625,https://www.transfermarkt.com/mirai-morimoto/profil/spieler/1142047
626,https://www.transfermarkt.com/yuto-kawasaki/profil/spieler/1137184
627,https://www.transfermarkt.com/hayato-miura/profil/spieler/1004545
628,https://www.transfermarkt.com/kanta-kohori/profil/spieler/1131212
629,https://www.transfermarkt.com/ryusei-yamanaka/profil/spieler/1005709
630,https://www.transfermarkt.com/senta-ito/profil/spieler/1005695
631,https://www.transfermarkt.com/takumi-wada/profil/spieler/882957
632,https://www.transfermarkt.com/yuya-nakayama/profil/spieler/1011695
633,https://www.transfermarkt.com/masashi-yoshida/profil/spieler/882960
634,https://www.transfermarkt.com/minato-nakamura/profil/spieler/1131171
635,https://www.transfermarkt.com/thiago-fujimoto/profil/spieler/1131173
636,https://www.transfermarkt.com/kaede-mochizuki/profil/spieler/1011697
637,https://www.transfermarkt.com/daiju-suzuki/profil/spieler/1004536
638,https://www.transfermarkt.com/kensho-hamada/profil/spieler/915682
639,https://www.transfermarkt.com/shoyo-kanamura/profil/spieler/1004534
640,https://www.transfermarkt.com/arata-maeshima/profil/spieler/1064370
641,https://www.transfermarkt.com/hinata-suzuki/profil/spieler/1011700
642,https://www.transfermarkt.com/yuto-kakuta/profil/spieler/952970
643,https://www.transfermarkt.com/rinta-taka/profil/spieler/1131172
644,https://www.transfermarkt.com/renta-suzuki/profil/spieler/1011693
645,https://www.transfermarkt.com/yuji-tashiro/profil/spieler/1131174
646,https://www.transfermarkt.com/shuya-abe/profil/spieler/1058441
647,https://www.transfermarkt.com/shota-oba/profil/spieler/1179758
648,https://www.transfermarkt.com/taku-fukushima/profil/spieler/888158
649,https://www.transfermarkt.com/keiji-yamazaki/profil/spieler/1131175
650,https://www.transfermarkt.com/kaito-aoki/profil/spieler/1131167
651,https://www.transfermarkt.com/masahiro-tozawa/profil/spieler/1131168
652,https://www.transfermarkt.com/masato-chiba/profil/spieler/882955
653,https://www.transfermarkt.com/kanta-fukumura/profil/spieler/882958
654,https://www.transfermarkt.com/motoki-unno/profil/spieler/1058595
655,https://www.transfermarkt.com/yamato-sugiyama/profil/spieler/1004535
656,https://www.transfermarkt.com/haruki-ouchi/profil/spieler/1021969
657,https://www.transfermarkt.com/yudai-nakamura/profil/spieler/1131467
658,https://www.transfermarkt.com/koyo-takuma/profil/spieler/1131470
659,https://www.transfermarkt.com/ryotaro-watanabe/profil/spieler/833766
660,https://www.transfermarkt.com/kaita-omura/profil/spieler/833768
661,https://www.transfermarkt.com/jui-ito/profil/spieler/851337
662,https://www.transfermarkt.com/takaaki-kato/profil/spieler/1131465
663,https://www.transfermarkt.com/taishi-nishigaki/profil/spieler/1131466
664,https://www.transfermarkt.com/keisuke-makiyama/profil/spieler/1003328
665,https://www.transfermarkt.com/katsuki-umezu/profil/spieler/444097
666,https://www.transfermarkt.com/koki-fukuda/profil/spieler/890307
667,https://www.transfermarkt.com/yoshiki-maruyama/profil/spieler/833770
668,https://www.transfermarkt.com/ko-mukai/profil/spieler/833775
669,https://www.transfermarkt.com/taiki-naito/profil/spieler/1004593
670,https://www.transfermarkt.com/ryosei-sugihara/profil/spieler/851268
671,https://www.transfermarkt.com/ryutaro-kubo/profil/spieler/1131469
672,https://www.transfermarkt.com/yamato-sato/profil/spieler/833771
673,https://www.transfermarkt.com/shinba-hayashi/profil/spieler/1016291
674,https://www.transfermarkt.com/nagi-miura/profil/spieler/1131468
675,https://www.transfermarkt.com/riki-samura/profil/spieler/833826
676,https://www.transfermarkt.com/yuto-muto/profil/spieler/833765
677,https://www.transfermarkt.com/daichi-yokote/profil/spieler/833767
678,https://www.transfermarkt.com/daichi-murase/profil/spieler/589804
679,https://www.transfermarkt.com/daiki-nagasawa/profil/spieler/1004589
680,https://www.transfermarkt.com/ren-takaoka/profil/spieler/1004597
681,https://www.transfermarkt.com/shoma-utsuno/profil/spieler/768996
682,https://www.transfermarkt.com/takeharu-yoshida/profil/spieler/780775
683,https://www.transfermarkt.com/manato-yamamoto/profil/spieler/1132852
684,https://www.transfermarkt.com/taiki-shichi/profil/spieler/1198933
685,https://www.transfermarkt.com/hiroya-kato/profil/spieler/589811
686,https://www.transfermarkt.com/keidai-tamakoshi/profil/spieler/1131464
687,https://www.transfermarkt.com/kaito-koyake/profil/spieler/833820
688,https://www.transfermarkt.com/jidan-sakamoto/profil/spieler/1004625
689,https://www.transfermarkt.com/kyohei-shibamoto/profil/spieler/803284
690,https://www.transfermarkt.com/daiki-hatori/profil/spieler/1131463
691,https://www.transfermarkt.com/hiroyuki-miyao/profil/spieler/763581
692,https://www.transfermarkt.com/ren-sakai/profil/spieler/1058594
693,https://www.transfermarkt.com/tetsuya-kobayashi/profil/spieler/890351
694,https://www.transfermarkt.com/kazuki-takemichi/profil/spieler/1210262
695,https://www.transfermarkt.com/yakutomo-suzuki/profil/spieler/1210266
696,https://www.transfermarkt.com/ryusei-mano/profil/spieler/1210268
697,https://www.transfermarkt.com/shoichi-miyajima/profil/spieler/1210263
698,https://www.transfermarkt.com/kensuke-saito/profil/spieler/1210269
699,https://www.transfermarkt.com/ryuto-hamada/profil/spieler/879166
700,https://www.transfermarkt.com/yuki-miyazaki/profil/spieler/1018936
701,https://www.transfermarkt.com/makoto-saeki/profil/spieler/1210271
702,https://www.transfermarkt.com/kodai-tanaka/profil/spieler/1210273
703,https://www.transfermarkt.com/sota-takagi/profil/spieler/882959
704,https://www.transfermarkt.com/kaede-yamamoto/profil/spieler/1210265
705,https://www.transfermarkt.com/hiroya-morotomi/profil/spieler/1210267
706,https://www.transfermarkt.com/shuta-io/profil/spieler/1210261
707,https://www.transfermarkt.com/sora-yamato/profil/spieler/1210264
708,https://www.transfermarkt.com/ryuya-mitsuzuka/profil/spieler/746146
709,https://www.transfermarkt.com/ren-nosaku/profil/spieler/923801
710,https://www.transfermarkt.com/shogo-saikawa/profil/spieler/1210270
711,https://www.transfermarkt.com/hidetsugu-hirata/profil/spieler/1210272
712,https://www.transfermarkt.com/daiki-tsukinari/profil/spieler/158323
713,https://www.transfermarkt.com/song-jun-ham/profil/spieler/1179754
714,https://www.transfermarkt.com/ryoga-matsuzaki/profil/spieler/1131221
715,https://www.transfermarkt.com/masaaki-yokohama/profil/spieler/851323
716,https://www.transfermarkt.com/naoki-fuseya/profil/spieler/1131224
717,https://www.transfermarkt.com/seiya-sakihara/profil/spieler/890357
718,https://www.transfermarkt.com/kazuma-kito/profil/spieler/1131222
719,https://www.transfermarkt.com/naoya-iwanaga/profil/spieler/851326
720,https://www.transfermarkt.com/fuya-isobe/profil/spieler/483757
721,https://www.transfermarkt.com/kenya-yamamoto/profil/spieler/851296
722,https://www.transfermarkt.com/shimon-tsukada/profil/spieler/890356
723,https://www.transfermarkt.com/akitoshi-hirano/profil/spieler/1017765
724,https://www.transfermarkt.com/sho-muta/profil/spieler/1004573
725,https://www.transfermarkt.com/sodai-tanaka/profil/spieler/1131223
726,https://www.transfermarkt.com/reo-kageyama/profil/spieler/614602
727,https://www.transfermarkt.com/shota-okayama/profil/spieler/766293
728,https://www.transfermarkt.com/yoshifumi-murata/profil/spieler/1131220
729,https://www.transfermarkt.com/koki-yoshida/profil/spieler/890305
730,https://www.transfermarkt.com/hiroshi-asoshina/profil/spieler/851298
731,https://www.transfermarkt.com/rajhid-kunta-senuma/profil/spieler/1004624
732,https://www.transfermarkt.com/hiroyuki-tanaka/profil/spieler/1004574
733,https://www.transfermarkt.com/yusaku-watanabe/profil/spieler/851324
734,https://www.transfermarkt.com/yuto-akama/profil/spieler/890306
735,https://www.transfermarkt.com/kazuki-hagiwara/profil/spieler/890300
736,https://www.transfermarkt.com/kento-toyoshige/profil/spieler/1004626
737,https://www.transfermarkt.com/yuta-suga/profil/spieler/890359
738,https://www.transfermarkt.com/satoru-midori/profil/spieler/312457
739,https://www.transfermarkt.com/sota-kawabata/profil/spieler/890301
740,https://www.transfermarkt.com/kota-sano/profil/spieler/851339
741,https://www.transfermarkt.com/atsuki-nakajima/profil/spieler/916532
742,https://www.transfermarkt.com/yuya-tozuka/profil/spieler/1004426
743,https://www.transfermarkt.com/nozomi-kato/profil/spieler/888102
744,https://www.transfermarkt.com/kodai-fujita/profil/spieler/1131135
745,https://www.transfermarkt.com/takato-hirose/profil/spieler/1131140
746,https://www.transfermarkt.com/ukei-toya/profil/spieler/1131142
747,https://www.transfermarkt.com/kaito-tanaka/profil/spieler/1004399
748,https://www.transfermarkt.com/kyohei-takeshita/profil/spieler/1131134
749,https://www.transfermarkt.com/takuto-makino/profil/spieler/1131139
750,https://www.transfermarkt.com/hiroto-hirata/profil/spieler/1131146
751,https://www.transfermarkt.com/naoto-ihara/profil/spieler/888125
752,https://www.transfermarkt.com/tomoya-nagai/profil/spieler/1004435
753,https://www.transfermarkt.com/miyu-miyashita/profil/spieler/1131138
754,https://www.transfermarkt.com/shuta-oishi/profil/spieler/914821
755,https://www.transfermarkt.com/shoya-yoshida/profil/spieler/1004423
756,https://www.transfermarkt.com/arata-fujikawa/profil/spieler/1004429
757,https://www.transfermarkt.com/daisuke-fukutani/profil/spieler/1131136
758,https://www.transfermarkt.com/genjiro-koyama/profil/spieler/1131141
759,https://www.transfermarkt.com/kanata-okunishi/profil/spieler/1131145
760,https://www.transfermarkt.com/shugo-kudo/profil/spieler/888126
761,https://www.transfermarkt.com/yoichi-takada/profil/spieler/1004433
762,https://www.transfermarkt.com/hiroaki-sugawara/profil/spieler/1131144
763,https://www.transfermarkt.com/kanta-toda/profil/spieler/1004436
764,https://www.transfermarkt.com/rei-sato/profil/spieler/888101
765,https://www.transfermarkt.com/akira-beppu/profil/spieler/1004430
766,https://www.transfermarkt.com/kaichi-saito/profil/spieler/1004440
767,https://www.transfermarkt.com/shodai-kikuchi/profil/spieler/1009883
768,https://www.transfermarkt.com/ryohei-miyashita/profil/spieler/790113
769,https://www.transfermarkt.com/nanami-komatsu/profil/spieler/790140
770,https://www.transfermarkt.com/touma-takizawa/profil/spieler/790109
771,https://www.transfermarkt.com/jinya-ito/profil/spieler/790141
772,https://www.transfermarkt.com/kosuke-kudo/profil/spieler/1009887
773,https://www.transfermarkt.com/takahisa-mikami/profil/spieler/790112
774,https://www.transfermarkt.com/kaito-asanuma/profil/spieler/790100
775,https://www.transfermarkt.com/soshi-yanaba/profil/spieler/790148
776,https://www.transfermarkt.com/taisei-sasaki/profil/spieler/790107
777,https://www.transfermarkt.com/shu-izumizawa/profil/spieler/790104
778,https://www.transfermarkt.com/yusuke-kikuchi/profil/spieler/882347
779,https://www.transfermarkt.com/yusei-kikuchi/profil/spieler/1009884
780,https://www.transfermarkt.com/keiya-endo/profil/spieler/1126884
781,https://www.transfermarkt.com/ryota-abe/profil/spieler/817225
782,https://www.transfermarkt.com/yuta-murayama/profil/spieler/790125
783,https://www.transfermarkt.com/hayato-shouji/profil/spieler/790139
784,https://www.transfermarkt.com/shota-ueno/profil/spieler/1009889
785,https://www.transfermarkt.com/ippei-sugawara/profil/spieler/790142
786,https://www.transfermarkt.com/kyosuke-shimotomai/profil/spieler/897358
787,https://www.transfermarkt.com/keisuke-nakamura/profil/spieler/1126883
788,https://www.transfermarkt.com/hyo-sasaki/profil/spieler/1134952
789,https://www.transfermarkt.com/riku-asada/profil/spieler/790106
790,https://www.transfermarkt.com/keito-sakai/profil/spieler/1009885
791,https://www.transfermarkt.com/goshi-yanaba/profil/spieler/790102
792,https://www.transfermarkt.com/daichi-kawasaki/profil/spieler/882095
793,https://www.transfermarkt.com/yamato-kawasaki/profil/spieler/1009886
794,https://www.transfermarkt.com/shoya-tozawa/profil/spieler/790155
795,https://www.transfermarkt.com/tatsuya-homma/profil/spieler/790101
796,https://www.transfermarkt.com/shoma-washima/profil/spieler/1131533
797,https://www.transfermarkt.com/haruto-nishino/profil/spieler/1131552
798,https://www.transfermarkt.com/riku-narita/profil/spieler/1131535
799,https://www.transfermarkt.com/yoshiki-yamamichi/profil/spieler/1131549
800,https://www.transfermarkt.com/kenta-sakai/profil/spieler/1190585
801,https://www.transfermarkt.com/haruto-ono/profil/spieler/1131537
802,https://www.transfermarkt.com/daiki-nozuki/profil/spieler/1131539
803,https://www.transfermarkt.com/shota-araya/profil/spieler/1131540
804,https://www.transfermarkt.com/hiyora-ito/profil/spieler/1131545
805,https://www.transfermarkt.com/kotaro-hamada/profil/spieler/910282
806,https://www.transfermarkt.com/norihito-sasaki/profil/spieler/1131551
807,https://www.transfermarkt.com/yutaro-akasaka/profil/spieler/1131544
808,https://www.transfermarkt.com/shin-saito/profil/spieler/1131547
809,https://www.transfermarkt.com/tokito-nozaki/profil/spieler/1131543
810,https://www.transfermarkt.com/haruto-sasaki/profil/spieler/1131534
811,https://www.transfermarkt.com/fumito-fukumura/profil/spieler/1131536
812,https://www.transfermarkt.com/shu-tadokoro/profil/spieler/790133
813,https://www.transfermarkt.com/hayato-yamami/profil/spieler/1152315
814,https://www.transfermarkt.com/yodo-kuraoka/profil/spieler/1131538
815,https://www.transfermarkt.com/katsutoshi-tanaka/profil/spieler/1152297
816,https://www.transfermarkt.com/kohei-hamamura/profil/spieler/1131541
817,https://www.transfermarkt.com/shota-tashima/profil/spieler/1131546
818,https://www.transfermarkt.com/tomonari-takayashiki/profil/spieler/1131550
819,https://www.transfermarkt.com/masamune-fujita/profil/spieler/1131542
820,https://www.transfermarkt.com/keiya-kuraoka/profil/spieler/1131548
821,https://www.transfermarkt.com/daichi-kurosaki/profil/spieler/1059620
822,https://www.transfermarkt.com/nashu-ito/profil/spieler/1131517
823,https://www.transfermarkt.com/takeru-fujiwara/profil/spieler/836506
824,https://www.transfermarkt.com/masashi-iizuka/profil/spieler/850101
825,https://www.transfermarkt.com/ginga-suzuki/profil/spieler/836203
826,https://www.transfermarkt.com/makoto-saito/profil/spieler/836510
827,https://www.transfermarkt.com/akimitsu-hatakeyama/profil/spieler/1010323
828,https://www.transfermarkt.com/jumpei-kudo/profil/spieler/836512
829,https://www.transfermarkt.com/yuto-oyama/profil/spieler/836481
830,https://www.transfermarkt.com/kaito-kagaya/profil/spieler/836482
831,https://www.transfermarkt.com/tatsuki-sasaki/profil/spieler/849876
832,https://www.transfermarkt.com/go-togashi/profil/spieler/156652
833,https://www.transfermarkt.com/takuya-onuma/profil/spieler/836514
834,https://www.transfermarkt.com/hiroyuki-kikuchi/profil/spieler/836515
835,https://www.transfermarkt.com/yasuhito-suzuki/profil/spieler/849875
836,https://www.transfermarkt.com/riki-takisawa/profil/spieler/849739
837,https://www.transfermarkt.com/yohei-kudo/profil/spieler/1131518
838,https://www.transfermarkt.com/shohei-shinzato/profil/spieler/211409
839,https://www.transfermarkt.com/takuma-matsuhashi/profil/spieler/1010322
840,https://www.transfermarkt.com/takashi-sugawara/profil/spieler/790068
841,https://www.transfermarkt.com/shota-otsuka/profil/spieler/1183070
842,https://www.transfermarkt.com/yusei-kawamura/profil/spieler/1131519
843,https://www.transfermarkt.com/tsubasa-kodama/profil/spieler/849874
844,https://www.transfermarkt.com/riku-miura/profil/spieler/1010324
845,https://www.transfermarkt.com/yu-hasegawa/profil/spieler/1141433
846,https://www.transfermarkt.com/hikaru-sato/profil/spieler/1141434
847,https://www.transfermarkt.com/makoto-miura/profil/spieler/1131520
848,https://www.transfermarkt.com/takumi-inugami/profil/spieler/836516
849,https://www.transfermarkt.com/yuki-motochi/profil/spieler/1010593
850,https://www.transfermarkt.com/mai-narita/profil/spieler/1010596
851,https://www.transfermarkt.com/takato-mukaigawara/profil/spieler/1131397
852,https://www.transfermarkt.com/yoshiya-ieda/profil/spieler/1010579
853,https://www.transfermarkt.com/taisho-iwashita/profil/spieler/1010588
854,https://www.transfermarkt.com/yasuhiko-ichinowatari/profil/spieler/1010595
855,https://www.transfermarkt.com/takuma-maruyama/profil/spieler/1010600
856,https://www.transfermarkt.com/yutaro-yamashita/profil/spieler/1010602
857,https://www.transfermarkt.com/rearu-kinouchi/profil/spieler/1061603
858,https://www.transfermarkt.com/kazuyuki-hashimoto/profil/spieler/1010587
859,https://www.transfermarkt.com/hikaru-katsurakawa/profil/spieler/1010599
860,https://www.transfermarkt.com/nobuyuki-mori/profil/spieler/1010585
861,https://www.transfermarkt.com/hiroki-hattori/profil/spieler/1010594
862,https://www.transfermarkt.com/shunsuke-suzuki/profil/spieler/1010597
863,https://www.transfermarkt.com/haruki-aoto/profil/spieler/914449
864,https://www.transfermarkt.com/yuto-sato/profil/spieler/1009841
865,https://www.transfermarkt.com/yasuhiro-kakuchi/profil/spieler/1010578
866,https://www.transfermarkt.com/takuto-oikawa/profil/spieler/1010598
867,https://www.transfermarkt.com/hiromu-takahashi/profil/spieler/1010601
868,https://www.transfermarkt.com/keiya-tanaka/profil/spieler/1010580
869,https://www.transfermarkt.com/tsubasa-ogasawara/profil/spieler/882490
870,https://www.transfermarkt.com/ao-kudo/profil/spieler/1131398
871,https://www.transfermarkt.com/kotaro-noda/profil/spieler/1010582
872,https://www.transfermarkt.com/yoshiro-ieda/profil/spieler/1010586
873,https://www.transfermarkt.com/ippei-nemoto/profil/spieler/850010
874,https://www.transfermarkt.com/hisashi-konno/profil/spieler/1010327
875,https://www.transfermarkt.com/shingo-asahida/profil/spieler/849798
876,https://www.transfermarkt.com/tatsuya-sato/profil/spieler/849777
877,https://www.transfermarkt.com/hidetoshi-kikuchi/profil/spieler/1126887
878,https://www.transfermarkt.com/naoya-fujiwara/profil/spieler/790110
879,https://www.transfermarkt.com/kaito-sasaki/profil/spieler/1010325
880,https://www.transfermarkt.com/yuma-takahashi/profil/spieler/1059594
881,https://www.transfermarkt.com/seiya-oshikiri/profil/spieler/1126886
882,https://www.transfermarkt.com/shota-tamura/profil/spieler/849997
883,https://www.transfermarkt.com/fumiya-sato/profil/spieler/849801
884,https://www.transfermarkt.com/masataka-sato/profil/spieler/849776
885,https://www.transfermarkt.com/ryu-kikuchi/profil/spieler/849993
886,https://www.transfermarkt.com/shunta-goto/profil/spieler/849797
887,https://www.transfermarkt.com/takuya-nitta/profil/spieler/790127
888,https://www.transfermarkt.com/takumi-sasaki/profil/spieler/849996
889,https://www.transfermarkt.com/kazuha-ogawa/profil/spieler/1010326
890,https://www.transfermarkt.com/ryohei-imamatsu/profil/spieler/849988
891,https://www.transfermarkt.com/ryuji-chiba/profil/spieler/849770
892,https://www.transfermarkt.com/hiroshi-ishimoda/profil/spieler/849990
893,https://www.transfermarkt.com/kazuki-chiba/profil/spieler/1061635
894,https://www.transfermarkt.com/yusuke-kiminarita/profil/spieler/1010328
895,https://www.transfermarkt.com/fumiya-fujiwara/profil/spieler/849773
896,https://www.transfermarkt.com/kazuho-kikuchi/profil/spieler/849995
897,https://www.transfermarkt.com/yuta-hosokawa/profil/spieler/882398
898,https://www.transfermarkt.com/shuei-ouchi/profil/spieler/882473
899,https://www.transfermarkt.com/takuma-kikuchi/profil/spieler/1009808
900,https://www.transfermarkt.com/kaito-kubo/profil/spieler/413860
901,https://www.transfermarkt.com/daiki-aoto/profil/spieler/790012
902,https://www.transfermarkt.com/hiroki-kawashima/profil/spieler/790026
903,https://www.transfermarkt.com/hiroaki-sato/profil/spieler/790014
904,https://www.transfermarkt.com/so-sasaki/profil/spieler/900851
905,https://www.transfermarkt.com/shudai-ito/profil/spieler/882470
906,https://www.transfermarkt.com/dan-uchikawa/profil/spieler/900832
907,https://www.transfermarkt.com/ayato-sasaki/profil/spieler/790010
908,https://www.transfermarkt.com/shinnosuke-koeba/profil/spieler/1009805
909,https://www.transfermarkt.com/yohei-ono/profil/spieler/1179114
910,https://www.transfermarkt.com/shohei-seki/profil/spieler/836027
911,https://www.transfermarkt.com/yusho-kikuchi/profil/spieler/790028
912,https://www.transfermarkt.com/kaito-shibata/profil/spieler/1009814
913,https://www.transfermarkt.com/shoya-chiba/profil/spieler/790049
914,https://www.transfermarkt.com/daiki-iwamoto/profil/spieler/790027
915,https://www.transfermarkt.com/ichita-oku/profil/spieler/790053
916,https://www.transfermarkt.com/koya-higashi/profil/spieler/1009845
917,https://www.transfermarkt.com/yuto-oashi/profil/spieler/882489
918,https://www.transfermarkt.com/daiki-kudo/profil/spieler/790191
919,https://www.transfermarkt.com/yuta-fujisawa/profil/spieler/882474
920,https://www.transfermarkt.com/yusuke-nakayashiki/profil/spieler/850068
921,https://www.transfermarkt.com/reo-iwadate/profil/spieler/850140
922,https://www.transfermarkt.com/kenta-hikage/profil/spieler/1152299
923,https://www.transfermarkt.com/taketo-yoshida/profil/spieler/1131601
924,https://www.transfermarkt.com/retsu-saito/profil/spieler/897361
925,https://www.transfermarkt.com/takeru-oike/profil/spieler/897379
926,https://www.transfermarkt.com/yuma-igarashi/profil/spieler/1131603
927,https://www.transfermarkt.com/gen-tajima/profil/spieler/1131613
928,https://www.transfermarkt.com/kazumu-yamakage/profil/spieler/1131802
929,https://www.transfermarkt.com/ryoma-edamatsu/profil/spieler/897348
930,https://www.transfermarkt.com/naoya-konno/profil/spieler/1131604
931,https://www.transfermarkt.com/kotaro-hirano/profil/spieler/1131606
932,https://www.transfermarkt.com/yuito-saito/profil/spieler/1131610
933,https://www.transfermarkt.com/kosei-ogawa/profil/spieler/1165540
934,https://www.transfermarkt.com/koki-ando/profil/spieler/914585
935,https://www.transfermarkt.com/haruto-tanaka/profil/spieler/1173057
936,https://www.transfermarkt.com/mitsuki-oshima/profil/spieler/1131619
937,https://www.transfermarkt.com/shoya-ueda/profil/spieler/1139686
938,https://www.transfermarkt.com/brian-so-nakano/profil/spieler/1151010
939,https://www.transfermarkt.com/shota-ishizuka/profil/spieler/1131615
940,https://www.transfermarkt.com/aoi-endo/profil/spieler/1139685
941,https://www.transfermarkt.com/ryoto-takashima/profil/spieler/1131602
942,https://www.transfermarkt.com/takaki-muto/profil/spieler/1131614
943,https://www.transfermarkt.com/yuto-kai/profil/spieler/914044
944,https://www.transfermarkt.com/shuya-negita/profil/spieler/1013352
945,https://www.transfermarkt.com/hiroto-sato/profil/spieler/1183071
946,https://www.transfermarkt.com/shu-izaki/profil/spieler/1131605
947,https://www.transfermarkt.com/gaku-togawa/profil/spieler/1131609
948,https://www.transfermarkt.com/yuto-sasaki/profil/spieler/1139688
949,https://www.transfermarkt.com/natsuhi-yoshikawa/profil/spieler/1131616
950,https://www.transfermarkt.com/yusuke-kishimoto/profil/spieler/1131620
951,https://www.transfermarkt.com/shu-muramatsu/profil/spieler/1131618
952,https://www.transfermarkt.com/haruki-amagai/profil/spieler/1139687
953,https://www.transfermarkt.com/kazuki-kamezaki/profil/spieler/1183072
954,https://www.transfermarkt.com/shinya-sato/profil/spieler/849877
955,https://www.transfermarkt.com/yuzuru-suzuki/profil/spieler/849921
956,https://www.transfermarkt.com/yuki-nakamura/profil/spieler/1010563
957,https://www.transfermarkt.com/keito-hosaka/profil/spieler/1131581
958,https://www.transfermarkt.com/ryota-sato/profil/spieler/849748
959,https://www.transfermarkt.com/ryu-saito/profil/spieler/833963
960,https://www.transfermarkt.com/atara-sato/profil/spieler/811746
961,https://www.transfermarkt.com/kaito-watanabe/profil/spieler/849716
962,https://www.transfermarkt.com/taku-umeki/profil/spieler/813717
963,https://www.transfermarkt.com/yusuke-nako/profil/spieler/811749
964,https://www.transfermarkt.com/toya-homma/profil/spieler/1131583
965,https://www.transfermarkt.com/takumi-kimura/profil/spieler/1010564
966,https://www.transfermarkt.com/hirokazu-saito/profil/spieler/1131586
967,https://www.transfermarkt.com/takumi-oi/profil/spieler/1131587
968,https://www.transfermarkt.com/takahiro-sato/profil/spieler/849983
969,https://www.transfermarkt.com/homare-yoshida/profil/spieler/1142427
970,https://www.transfermarkt.com/kojun-ito/profil/spieler/1010566
971,https://www.transfermarkt.com/rinsei-sato/profil/spieler/1131584
972,https://www.transfermarkt.com/takumi-sato/profil/spieler/849715
973,https://www.transfermarkt.com/mizuki-morita/profil/spieler/849745
974,https://www.transfermarkt.com/naoto-ito/profil/spieler/1131580
975,https://www.transfermarkt.com/shumpei-sato/profil/spieler/882245
976,https://www.transfermarkt.com/sora-saito/profil/spieler/1022278
977,https://www.transfermarkt.com/kosuke-kato/profil/spieler/1131578
978,https://www.transfermarkt.com/reo-homma/profil/spieler/811747
979,https://www.transfermarkt.com/taro-ikeda/profil/spieler/811748
980,https://www.transfermarkt.com/kazuki-abe/profil/spieler/849743
981,https://www.transfermarkt.com/takuya-kambayashi/profil/spieler/1131582
982,https://www.transfermarkt.com/ko-homma/profil/spieler/849882
983,https://www.transfermarkt.com/goki-ikeda/profil/spieler/1131585
984,https://www.transfermarkt.com/ryotaro-yamashita/profil/spieler/1053253
985,https://www.transfermarkt.com/hiro-sugawara/profil/spieler/1131579
986,https://www.transfermarkt.com/yohei-ise/profil/spieler/319687
987,https://www.transfermarkt.com/tomoaki-abe/profil/spieler/849949
988,https://www.transfermarkt.com/hisato-saito/profil/spieler/849718
989,https://www.transfermarkt.com/shigeki-abe/profil/spieler/1010567
990,https://www.transfermarkt.com/haruki-adachi/profil/spieler/849710
991,https://www.transfermarkt.com/kyohei-nomura/profil/spieler/901044
992,https://www.transfermarkt.com/haruhide-sato/profil/spieler/1010559
993,https://www.transfermarkt.com/takahiro-uchida/profil/spieler/1010561
994,https://www.transfermarkt.com/hokuto-yamagami/profil/spieler/849908
995,https://www.transfermarkt.com/riki-park/profil/spieler/362684
996,https://www.transfermarkt.com/kentaro-koide/profil/spieler/1131569
997,https://www.transfermarkt.com/yuki-shindo/profil/spieler/1010558
998,https://www.transfermarkt.com/kazuto-kashiwabara/profil/spieler/1131571
999,https://www.transfermarkt.com/minoru-tokushima/profil/spieler/901051
1000,https://www.transfermarkt.com/yusuke-goto/profil/spieler/901046
1001,https://www.transfermarkt.com/yonosuke-saito/profil/spieler/901053
1002,https://www.transfermarkt.com/sota-sasaki/profil/spieler/901048
1003,https://www.transfermarkt.com/akito-oe/profil/spieler/849914
1004,https://www.transfermarkt.com/yuhei-shoji/profil/spieler/901052
1005,https://www.transfermarkt.com/riku-ishikawa/profil/spieler/1131572
1006,https://www.transfermarkt.com/yamato-kajihara/profil/spieler/1010562
1007,https://www.transfermarkt.com/yuto-kamiyama/profil/spieler/1131568
1008,https://www.transfermarkt.com/yuta-hayasaka/profil/spieler/849711
1009,https://www.transfermarkt.com/shunki-sato/profil/spieler/1131570
1010,https://www.transfermarkt.com/junya-okazaki/profil/spieler/783028
1011,https://www.transfermarkt.com/kota-tateda/profil/spieler/901047
1012,https://www.transfermarkt.com/daiki-kawamata/profil/spieler/849938
1013,https://www.transfermarkt.com/sho-osawa/profil/spieler/1010560
1014,https://www.transfermarkt.com/keita-moe/profil/spieler/1010515
1015,https://www.transfermarkt.com/yuki-homma/profil/spieler/852654
1016,https://www.transfermarkt.com/hirokazu-ara/profil/spieler/849792
1017,https://www.transfermarkt.com/hayata-nagase/profil/spieler/852655
1018,https://www.transfermarkt.com/tsubasa-suzuki/profil/spieler/852640
1019,https://www.transfermarkt.com/daisuke-takagi/profil/spieler/852670
1020,https://www.transfermarkt.com/itsuki-watanabe/profil/spieler/1131560
1021,https://www.transfermarkt.com/kenta-tanaka/profil/spieler/852656
1022,https://www.transfermarkt.com/tatsuya-nagase/profil/spieler/852662
1023,https://www.transfermarkt.com/keita-abe/profil/spieler/1131561
1024,https://www.transfermarkt.com/takehiro-oyama/profil/spieler/850194
1025,https://www.transfermarkt.com/shinsuke-manome/profil/spieler/852688
1026,https://www.transfermarkt.com/toshiki-miura/profil/spieler/852634
1027,https://www.transfermarkt.com/kazuki-nakano/profil/spieler/882321
1028,https://www.transfermarkt.com/toshihiro-sato/profil/spieler/1131564
1029,https://www.transfermarkt.com/toshiaki-takano/profil/spieler/882344
1030,https://www.transfermarkt.com/sakito-yoshida/profil/spieler/1131565
1031,https://www.transfermarkt.com/ryuichi-shimoda/profil/spieler/1010510
1032,https://www.transfermarkt.com/iori-kanada/profil/spieler/852690
1033,https://www.transfermarkt.com/shunta-endo/profil/spieler/852657
1034,https://www.transfermarkt.com/daiki-ejiri/profil/spieler/852845
1035,https://www.transfermarkt.com/yosuke-takagi/profil/spieler/882320
1036,https://www.transfermarkt.com/kazuyuki-sasaki/profil/spieler/882294
1037,https://www.transfermarkt.com/sojun-nishimura/profil/spieler/882323
1038,https://www.transfermarkt.com/ikumi-manome/profil/spieler/882316
1039,https://www.transfermarkt.com/seiya-noda/profil/spieler/852643
1040,https://www.transfermarkt.com/keisuke-matsubara/profil/spieler/882299
1041,https://www.transfermarkt.com/hyuga-takagi/profil/spieler/1010512
1042,https://www.transfermarkt.com/yusuke-kanno/profil/spieler/882295
1043,https://www.transfermarkt.com/hiroya-yoshida/profil/spieler/852661
1044,https://www.transfermarkt.com/yuki-yoshida/profil/spieler/852664
1045,https://www.transfermarkt.com/jo-sakamoto/profil/spieler/882319
1046,https://www.transfermarkt.com/fuya-mukoyama/profil/spieler/852689
1047,https://www.transfermarkt.com/ruka-suzuki/profil/spieler/1165656
1048,https://www.transfermarkt.com/hisanobu-murakami/profil/spieler/1131562
1049,https://www.transfermarkt.com/takayuki-sakurai/profil/spieler/882343
1050,https://www.transfermarkt.com/shusaku-sagi/profil/spieler/852706
1051,https://www.transfermarkt.com/daiki-suganami/profil/spieler/1010517
1052,https://www.transfermarkt.com/amo-kiryu/profil/spieler/1010518
1053,https://www.transfermarkt.com/shion-ikari/profil/spieler/852665
1054,https://www.transfermarkt.com/reon-ikari/profil/spieler/882296
1055,https://www.transfermarkt.com/toshihiro-moko/profil/spieler/852658
1056,https://www.transfermarkt.com/sho-toita/profil/spieler/1010514
1057,https://www.transfermarkt.com/shota-orikasa/profil/spieler/1131563
1058,https://www.transfermarkt.com/toshiya-yanai/profil/spieler/790077
1059,https://www.transfermarkt.com/kazumi-matsuura/profil/spieler/790095
1060,https://www.transfermarkt.com/hideki-kumada/profil/spieler/790099
1061,https://www.transfermarkt.com/hideki-ishii/profil/spieler/790116
1062,https://www.transfermarkt.com/seiya-mogi/profil/spieler/755524
1063,https://www.transfermarkt.com/sho-ichikawa/profil/spieler/1142429
1064,https://www.transfermarkt.com/kakeru-uemura/profil/spieler/1009874
1065,https://www.transfermarkt.com/ren-higuchi/profil/spieler/1009871
1066,https://www.transfermarkt.com/katsumi-yusa/profil/spieler/106297
1067,https://www.transfermarkt.com/fumiya-nakano/profil/spieler/1179118
1068,https://www.transfermarkt.com/ryo-sato/profil/spieler/1009875
1069,https://www.transfermarkt.com/takeru-okawa/profil/spieler/1009869
1070,https://www.transfermarkt.com/hayato-uemura/profil/spieler/900831
1071,https://www.transfermarkt.com/masahiro-ishii/profil/spieler/790087
1072,https://www.transfermarkt.com/kaede-senzaki/profil/spieler/790093
1073,https://www.transfermarkt.com/shunta-sagara/profil/spieler/849888
1074,https://www.transfermarkt.com/naoki-honda/profil/spieler/790079
1075,https://www.transfermarkt.com/hyogo-nakada/profil/spieler/1131556
1076,https://www.transfermarkt.com/satoru-sugai/profil/spieler/1155183
1077,https://www.transfermarkt.com/kazuki-sugeno/profil/spieler/790096
1078,https://www.transfermarkt.com/ryogo-sugisawa/profil/spieler/1131553
1079,https://www.transfermarkt.com/mihiro-omura/profil/spieler/1179119
1080,https://www.transfermarkt.com/jun-nishida/profil/spieler/790081
1081,https://www.transfermarkt.com/hiromichi-kikawa/profil/spieler/790115
1082,https://www.transfermarkt.com/ryoga-kato/profil/spieler/894009
1083,https://www.transfermarkt.com/tomohisa-kamata/profil/spieler/1009876
1084,https://www.transfermarkt.com/masaaki-seki/profil/spieler/790080
1085,https://www.transfermarkt.com/daisuke-ito/profil/spieler/790121
1086,https://www.transfermarkt.com/rei-saito/profil/spieler/790078
1087,https://www.transfermarkt.com/kensuke-sakashita/profil/spieler/1009870
1088,https://www.transfermarkt.com/kaito-tamura/profil/spieler/1131555
1089,https://www.transfermarkt.com/yusuke-sarara/profil/spieler/790086
1090,https://www.transfermarkt.com/takeru-suzuki/profil/spieler/1055974
1091,https://www.transfermarkt.com/ren-yamaguchi/profil/spieler/897355
1092,https://www.transfermarkt.com/misaki-matsumoto/profil/spieler/1131554
